City_ID,City,Lat,Lng,Max Temp,Humidity,Cloudiness,Wind Speed,Country,Date
0,Segezha,63.7415,34.3222,50.0,81,100,7.56,RU,2021-10-02 17:28:12
1,Palu,-0.8917,119.8707,75.11,96,90,1.95,ID,2021-10-02 17:24:12
2,Cape Town,-33.9258,18.4232,56.26,54,40,12.66,ZA,2021-10-02 17:26:41
3,Kavieng,-2.5744,150.7967,81.12,73,87,5.82,PG,2021-10-02 17:28:33
4,Divnomorskoye,44.5011,38.1353,58.42,68,9,10.04,RU,2021-10-02 17:28:36
5,Kununurra,-15.7667,128.7333,76.98,88,61,0.0,AU,2021-10-02 17:28:39
6,Vardo,70.3705,31.1107,48.7,85,98,26.42,NO,2021-10-02 17:28:42
7,Saint-Philippe,-21.3585,55.7679,71.22,81,38,12.8,RE,2021-10-02 17:28:45
8,Albany,42.6001,-73.9662,72.81,68,93,8.16,US,2021-10-02 17:27:25
9,Pitimbu,-7.4706,-34.8086,84.79,71,8,12.17,BR,2021-10-02 17:28:49
10,Alexandria,31.2156,29.9553,76.96,61,40,10.36,EG,2021-10-02 17:28:50
11,Dwarka,22.2394,68.9678,81.95,81,82,6.22,IN,2021-10-02 17:28:52
12,Mar Del Plata,-38.0023,-57.5575,64.42,48,0,10.0,AR,2021-10-02 17:25:40
13,Santa Maria,-29.6842,-53.8069,72.7,68,0,11.5,BR,2021-10-02 17:28:55
14,Cusco,-13.5183,-71.9781,64.63,34,40,3.44,PE,2021-10-02 17:28:57
15,Hermanus,-34.4187,19.2345,53.91,59,59,6.35,ZA,2021-10-02 17:29:07
16,Padang,-0.9492,100.3543,75.25,81,100,2.53,ID,2021-10-02 17:29:09
17,Lagoa,39.05,-27.9833,71.28,91,70,19.08,PT,2021-10-02 17:29:11
18,La Ronge,55.1001,-105.2842,57.45,47,75,3.44,CA,2021-10-02 17:29:13
19,Busselton,-33.65,115.3333,50.09,56,93,20.94,AU,2021-10-02 17:29:15
20,Sao Filipe,14.8961,-24.4956,80.13,81,40,7.02,CV,2021-10-02 17:29:17
21,Bara,10.3744,10.7288,84.7,52,100,2.57,NG,2021-10-02 17:29:19
22,Flinders,-34.5833,150.8552,55.8,91,5,1.01,AU,2021-10-02 17:29:20
23,Port Elizabeth,-33.918,25.5701,52.09,82,40,21.85,ZA,2021-10-02 17:29:22
24,Chuy,-33.6971,-53.4616,65.17,53,0,8.88,UY,2021-10-02 17:26:50
25,Merauke,-8.4667,140.3333,77.43,85,69,7.61,ID,2021-10-02 17:29:27
26,Rikitea,-23.1203,-134.9692,72.43,73,3,21.72,PF,2021-10-02 17:26:45
27,Kaeo,-35.1,173.7833,54.32,90,70,6.49,NZ,2021-10-02 17:29:32
28,Castro,-24.7911,-50.0119,71.6,71,100,1.16,BR,2021-10-02 17:29:35
29,Puerto Ayora,-0.7393,-90.3518,71.98,81,91,10.04,EC,2021-10-02 17:29:38
30,Porbandar,21.6422,69.6093,81.61,83,40,5.55,IN,2021-10-02 17:29:40
31,Babol,36.5513,52.679,67.82,67,99,3.87,IR,2021-10-02 17:29:42
32,Sao Jose Da Coroa Grande,-8.8978,-35.1478,80.62,74,17,10.04,BR,2021-10-02 17:29:45
33,Ushuaia,-54.8,-68.3,44.26,53,75,9.22,AR,2021-10-02 17:29:50
34,Qaanaaq,77.484,-69.3632,26.82,83,100,13.2,GL,2021-10-02 17:29:55
35,Georgetown,5.4112,100.3354,80.89,84,20,0.0,MY,2021-10-02 17:29:58
36,Saldanha,-33.0117,17.9442,55.45,60,7,20.54,ZA,2021-10-02 17:30:00
37,Bengkulu,-3.8004,102.2655,76.24,91,92,6.13,ID,2021-10-02 17:30:02
38,Vaini,-21.2,-175.2,71.76,94,75,10.36,TO,2021-10-02 17:30:05
39,Cidreira,-30.1811,-50.2056,65.34,70,86,8.55,BR,2021-10-02 17:30:08
40,Kobayashi,31.9833,130.9833,69.78,93,0,1.79,JP,2021-10-02 17:30:10
41,Port Alfred,-33.5906,26.891,57.33,54,61,32.35,ZA,2021-10-02 17:30:12
42,Arraial Do Cabo,-22.9661,-42.0278,84.16,61,0,10.36,BR,2021-10-02 17:30:14
43,Iquitos,-3.7481,-73.2472,93.24,55,75,6.91,PE,2021-10-02 17:30:16
44,Neiva,2.9273,-75.2819,90.28,43,84,1.9,CO,2021-10-02 17:30:19
45,Bitung,1.4451,125.1824,76.05,84,100,4.63,ID,2021-10-02 17:30:20
46,Rio Grande,-32.035,-52.0986,69.91,59,2,6.55,BR,2021-10-02 17:27:25
47,Cairo Montenotte,44.4031,8.2746,69.62,99,84,1.95,IT,2021-10-02 17:30:27
48,Ewo,-0.8725,14.8206,74.84,87,85,2.59,CG,2021-10-02 17:30:32
49,East London,-33.0153,27.9116,58.14,54,20,23.02,ZA,2021-10-02 17:30:35
50,Laguna,38.421,-121.4238,84.02,36,1,1.01,US,2021-10-02 17:28:19
51,Charagua,-19.8,-63.2167,89.17,26,11,11.52,BO,2021-10-02 17:30:40
52,Mataura,-46.1927,168.8643,48.47,87,100,1.28,NZ,2021-10-02 17:30:47
53,Visnes,59.3556,5.2242,54.57,76,20,12.66,NO,2021-10-02 17:30:50
54,Shizilu,35.1711,118.8289,69.48,88,52,8.28,CN,2021-10-02 17:30:55
55,Carnarvon,-24.8667,113.6333,62.67,72,0,10.36,AU,2021-10-02 17:30:58
56,Kodiak,57.79,-152.4072,36.91,48,90,18.41,US,2021-10-02 17:31:00
57,Songjianghe,42.1859,127.479,45.37,71,19,5.66,CN,2021-10-02 17:31:03
58,Salalah,17.0151,54.0924,82.49,83,40,8.05,OM,2021-10-02 17:31:05
59,Piopio,-38.4667,175.0167,40.96,100,82,1.48,NZ,2021-10-02 17:31:07
60,Kaitangata,-46.2817,169.8464,45.95,92,100,4.09,NZ,2021-10-02 17:31:12
61,Roebourne,-20.7833,117.1333,71.56,27,1,10.65,AU,2021-10-02 17:31:04
62,Burnie,-41.0667,145.9167,54.91,94,19,3.69,AU,2021-10-02 17:31:19
63,Te Anau,-45.4167,167.7167,43.02,90,100,0.76,NZ,2021-10-02 17:31:22
64,Ribeira Grande,38.5167,-28.7,73.8,88,75,14.97,PT,2021-10-02 17:31:24
65,Nishihara,26.1842,127.7558,78.08,73,75,4.61,JP,2021-10-02 17:31:26
66,Lorengau,-2.0226,147.2712,79.7,77,26,2.95,PG,2021-10-02 17:31:29
67,Saskylakh,71.9167,114.0833,19.4,97,100,3.15,RU,2021-10-02 17:31:34
68,Kommunisticheskiy,61.6789,64.4819,32.5,86,97,5.73,RU,2021-10-02 17:31:36
69,Narsaq,60.9167,-46.05,46.62,45,8,6.53,GL,2021-10-02 17:31:40
70,Hobart,-42.8794,147.3294,53.46,100,90,3.44,AU,2021-10-02 17:28:45
71,Labrea,-7.2586,-64.7981,90.01,51,96,2.66,BR,2021-10-02 17:31:46
72,New Norfolk,-42.7826,147.0587,53.1,73,100,1.01,AU,2021-10-02 17:31:48
73,Challapata,-18.9,-66.7667,61.38,11,0,11.65,BO,2021-10-02 17:31:50
74,Bonavista,48.6499,-53.1147,57.2,73,33,6.24,CA,2021-10-02 17:31:53
75,Yakeshi,49.2833,120.7333,35.19,95,100,15.01,CN,2021-10-02 17:31:56
76,Nikolskoye,59.7035,30.7861,48.09,88,82,5.08,RU,2021-10-02 17:32:00
77,Korla,41.7597,86.1469,57.02,32,95,19.62,CN,2021-10-02 17:32:02
78,Klaksvik,62.2266,-6.589,50.92,85,100,24.81,FO,2021-10-02 17:32:05
79,Yellowknife,62.456,-114.3525,47.41,89,75,17.27,CA,2021-10-02 17:28:29
80,Punta Arenas,-53.15,-70.9167,46.51,66,75,19.57,CL,2021-10-02 17:32:10
81,Samarai,-10.6167,150.6667,79.25,84,40,4.97,PG,2021-10-02 17:32:13
82,Saint George,37.1041,-113.5841,81.36,24,1,3.0,US,2021-10-02 17:30:52
83,Vanimo,-2.6741,141.3028,77.41,88,99,3.29,PG,2021-10-02 17:32:17
84,Torbay,47.6666,-52.7314,65.88,68,75,13.8,CA,2021-10-02 17:32:19
85,Sulangan,11.1373,123.7228,83.5,70,96,1.7,PH,2021-10-02 17:32:27
86,Tasiilaq,65.6145,-37.6368,39.36,62,59,5.19,GL,2021-10-02 17:32:30
87,Devils Lake,48.1128,-98.8651,66.94,60,1,1.99,US,2021-10-02 17:32:32
88,Ramsar,36.9226,50.6426,63.84,88,90,2.3,IR,2021-10-02 17:32:34
89,Tiksi,71.6872,128.8694,24.57,89,53,15.01,RU,2021-10-02 17:32:36
90,Upernavik,72.7868,-56.1549,30.76,84,41,4.34,GL,2021-10-02 17:28:03
91,Komsomolskiy,40.4272,71.7189,56.12,41,96,2.3,UZ,2021-10-02 17:32:40
92,Rio Cuarto,-33.1307,-64.3499,65.97,30,20,23.02,AR,2021-10-02 17:32:42
93,Atuona,-9.8,-139.0333,78.17,73,38,22.79,PF,2021-10-02 17:32:44
94,Bud,39.447,-86.1758,71.69,97,100,7.72,US,2021-10-02 17:32:46
95,Bluff,-46.6,168.3333,48.79,85,100,6.76,NZ,2021-10-02 17:32:49
96,Caravelas,-17.7125,-39.2481,82.29,63,3,14.52,BR,2021-10-02 17:32:51
97,Avarua,-21.2078,-159.775,73.45,88,75,5.75,CK,2021-10-02 17:32:54
98,Ancud,-41.8697,-73.8203,49.53,65,66,11.25,CL,2021-10-02 17:32:55
99,Mahebourg,-20.4081,57.7,73.69,73,40,17.27,MU,2021-10-02 17:32:56
100,Garissa,-0.4536,39.6401,81.55,53,44,23.78,KE,2021-10-02 17:33:01
101,Victoria,22.2855,114.1577,86.38,78,20,5.01,HK,2021-10-02 17:30:04
102,Bethel,41.3712,-73.414,74.01,61,1,10.36,US,2021-10-02 17:33:07
103,Pevek,69.7008,170.3133,24.24,63,41,21.5,RU,2021-10-02 17:33:10
104,Longyearbyen,78.2186,15.6401,37.24,87,75,5.75,SJ,2021-10-02 17:33:12
105,Broome,42.2506,-75.833,74.62,62,1,1.99,US,2021-10-02 17:33:35
106,Honiara,-9.4333,159.95,77.92,86,99,2.04,SB,2021-10-02 17:32:30
107,Abha,18.2164,42.5053,71.42,56,20,0.0,SA,2021-10-02 17:33:40
108,Butaritari,3.0707,172.7902,82.45,71,99,20.71,KI,2021-10-02 17:33:43
109,Nanortalik,60.1432,-45.2371,43.41,59,0,10.63,GL,2021-10-02 17:33:45
110,Hargeysa,9.56,44.065,76.01,57,59,10.31,SO,2021-10-02 17:33:47
111,Touros,-5.1989,-35.4608,86.9,63,6,15.66,BR,2021-10-02 17:33:50
112,Provideniya,64.3833,-173.3,21.79,77,4,6.04,RU,2021-10-02 17:33:58
113,Thinadhoo,0.5333,72.9333,83.19,69,49,12.08,MV,2021-10-02 17:29:44
114,Solnechnyy,50.7214,136.6319,37.29,62,76,4.41,RU,2021-10-02 17:34:02
115,Saint Marys,30.7305,-81.5465,88.0,65,90,8.01,US,2021-10-02 17:31:09
116,Baiyin,36.5583,104.2081,65.28,33,100,9.31,CN,2021-10-02 17:34:09
117,Tyulgan,52.3405,56.166,47.77,71,100,6.93,RU,2021-10-02 17:34:12
118,Ust-Omchug,61.15,149.6333,21.51,98,87,1.81,RU,2021-10-02 17:34:14
119,Ashcroft,50.7165,-121.2859,60.48,49,100,8.14,CA,2021-10-02 17:33:52
120,Soria,41.6667,-2.6667,66.85,39,80,13.11,ES,2021-10-02 17:34:17
121,Tuktoyaktuk,69.4541,-133.0374,35.6,93,90,9.22,CA,2021-10-02 17:34:19
122,Vila Franca Do Campo,37.7167,-25.4333,73.81,75,24,9.73,PT,2021-10-02 17:34:21
123,Tigzirt,36.8886,4.1198,72.72,74,64,8.21,DZ,2021-10-02 17:34:22
124,Ciudad Bolivar,8.1222,-63.5497,90.7,48,20,8.99,VE,2021-10-02 17:34:24
125,Novobirilyussy,56.9514,90.6661,36.7,93,99,3.74,RU,2021-10-02 17:34:25
126,Tura,25.5198,90.2201,73.89,93,21,3.06,IN,2021-10-02 17:34:27
127,Shimoda,34.6667,138.95,70.11,86,2,7.81,JP,2021-10-02 17:34:28
128,Isangel,-19.55,169.2667,73.27,93,100,12.55,VU,2021-10-02 17:34:09
129,Linhares,-19.3911,-40.0722,90.5,44,15,13.29,BR,2021-10-02 17:34:32
130,Bredasdorp,-34.5322,20.0403,51.12,66,77,5.75,ZA,2021-10-02 17:34:33
131,Bowen,-20.0167,148.2333,64.62,94,4,3.98,AU,2021-10-02 17:34:35
132,Ribeira Brava,32.65,-17.0667,76.71,80,0,2.89,PT,2021-10-02 17:34:36
133,Gobabis,-22.45,18.9667,62.02,14,0,13.53,NA,2021-10-02 17:34:38
134,Vao,-22.6667,167.4833,71.22,91,100,14.74,NC,2021-10-02 17:34:40
135,Talnakh,69.4865,88.3972,17.8,93,84,3.04,RU,2021-10-02 17:34:42
136,Houma,29.5958,-90.7195,84.0,86,100,7.02,US,2021-10-02 17:29:49
137,Sharanga,57.1775,46.5396,45.39,92,100,3.67,RU,2021-10-02 17:34:45
138,Chokurdakh,70.6333,147.9167,4.33,98,29,4.21,RU,2021-10-02 17:34:51
139,Esperance,-33.8667,121.9,53.44,72,27,23.6,AU,2021-10-02 17:34:53
140,Hilo,19.7297,-155.09,74.62,85,75,6.91,US,2021-10-02 17:30:33
141,Jamestown,42.097,-79.2353,74.17,49,57,8.01,US,2021-10-02 17:34:56
142,Lucapa,-8.4192,20.7447,65.44,87,100,2.93,AO,2021-10-02 17:34:58
143,Road Town,18.4167,-64.6167,85.19,84,40,8.05,VG,2021-10-02 17:35:00
144,Peace River,56.2501,-117.286,48.51,57,90,10.36,CA,2021-10-02 17:35:24
145,Kapaa,22.0752,-159.319,75.52,82,75,14.97,US,2021-10-02 17:35:27
146,Dakar,14.6937,-17.4441,87.93,74,40,6.91,SN,2021-10-02 17:35:29
147,Grand Gaube,-20.0064,57.6608,73.8,71,3,10.0,MU,2021-10-02 17:35:31
148,Khorramshahr,30.4397,48.1664,91.36,24,0,6.91,IR,2021-10-02 17:35:33
149,Severo-Kurilsk,50.6789,156.125,48.0,96,100,19.98,RU,2021-10-02 17:35:34
150,Kudahuvadhoo,2.6708,72.8944,82.89,74,32,14.29,MV,2021-10-02 17:35:36
151,Bereznik,62.8551,42.7072,40.82,83,93,2.39,RU,2021-10-02 17:35:38
152,Sur,22.5667,59.5289,82.11,80,100,11.56,OM,2021-10-02 17:35:40
153,Port Hardy,50.6996,-127.4199,50.18,93,90,6.91,CA,2021-10-02 17:35:42
154,Le Port,-20.9373,55.2919,71.6,75,15,5.68,RE,2021-10-02 17:35:44
155,Valparaiso,-33.0393,-71.6273,65.84,55,20,17.27,CL,2021-10-02 17:32:03
156,Saint-Francois,46.4154,3.9054,71.04,48,0,13.8,FR,2021-10-02 17:35:49
157,Barrow,71.2906,-156.7887,28.42,80,90,19.57,US,2021-10-02 17:35:51
158,Hithadhoo,-0.6,73.0833,82.8,75,37,9.8,MV,2021-10-02 17:35:56
159,Dikson,73.5069,80.5464,33.13,97,100,13.2,RU,2021-10-02 17:35:57
160,Udachnyy,66.4167,112.4,28.83,61,78,2.37,RU,2021-10-02 17:36:00
161,Tigil,57.8,158.6667,42.46,86,100,4.21,RU,2021-10-02 17:36:02
162,Balkhash,46.844,74.9804,43.07,45,76,10.69,KZ,2021-10-02 17:36:04
163,Filotion,37.05,25.5,64.54,73,2,8.01,GR,2021-10-02 17:36:07
164,Grootfontein,-19.5667,18.1167,76.57,6,9,5.75,NA,2021-10-02 17:36:09
165,Thompson,55.7435,-97.8558,57.36,72,75,4.61,CA,2021-10-02 17:36:11
166,Belaya Gora,68.5333,146.4167,20.03,91,94,7.0,RU,2021-10-02 17:36:13
167,Praia,14.9215,-23.5087,88.34,62,40,9.22,CV,2021-10-02 17:36:17
168,Luderitz,-26.6481,15.1594,59.72,64,0,28.72,NA,2021-10-02 17:36:20
169,Ostrovnoy,68.0531,39.5131,44.42,87,71,18.21,RU,2021-10-02 17:36:23
170,Dasoguz,41.8363,59.9666,48.15,43,0,6.91,TM,2021-10-02 17:36:25
171,Honningsvag,70.9821,25.9704,49.12,87,100,22.82,NO,2021-10-02 17:36:28
172,Bandarbeyla,9.4942,50.8122,79.83,77,41,22.1,SO,2021-10-02 17:36:30
173,Port Arthur,38.8,121.2667,72.91,39,57,14.27,CN,2021-10-02 17:36:32
174,Vredendal,-31.6683,18.5012,54.81,56,7,17.63,ZA,2021-10-02 17:36:36
175,Cabo San Lucas,22.8909,-109.9124,83.14,88,75,4.61,MX,2021-10-02 17:36:37
176,Saint-Donat-De-Montcalm,46.3187,-74.2219,51.39,98,100,3.65,CA,2021-10-02 17:36:39
177,Taywarah,33.35,64.4167,50.97,34,0,6.51,AF,2021-10-02 17:36:41
178,Nikolayevsk-Na-Amure,53.1406,140.73,35.24,67,1,3.6,RU,2021-10-02 17:36:43
179,Gizo,-8.103,156.8419,82.27,74,100,3.13,SB,2021-10-02 17:36:45
180,Den Helder,52.9599,4.7593,57.97,90,90,15.99,NL,2021-10-02 17:33:22
181,Mecca,21.4267,39.8261,87.39,35,20,5.7,SA,2021-10-02 17:36:49
182,Sunndalsora,62.6754,8.5515,54.25,69,93,8.3,NO,2021-10-02 17:36:50
183,Olafsvik,64.8945,-23.7142,41.94,74,98,22.75,IS,2021-10-02 17:36:53
184,Geraldton,-28.7667,114.6,59.41,88,90,5.75,AU,2021-10-02 17:36:55
185,Aksu,41.1231,80.2644,62.78,18,97,6.26,CN,2021-10-02 17:36:57
186,Stawell,-37.05,142.7667,46.53,93,56,3.69,AU,2021-10-02 17:36:59
187,Mayor Pablo Lagerenza,-19.9309,-60.7718,106.3,20,10,17.25,PY,2021-10-02 17:37:01
188,Flin Flon,54.7682,-101.865,60.64,55,20,5.75,CA,2021-10-02 17:37:03
189,Surt,31.2089,16.5887,76.23,68,8,16.87,LY,2021-10-02 17:37:05
190,Port Blair,11.6667,92.75,80.73,82,98,8.37,IN,2021-10-02 17:37:07
191,Chiojdeni,45.55,26.8667,47.14,51,3,5.08,RO,2021-10-02 17:37:09
192,Wanning,18.8003,110.3967,77.63,82,15,0.31,CN,2021-10-02 17:37:11
193,Vila Velha,-20.3297,-40.2925,84.15,65,0,20.71,BR,2021-10-02 17:37:14
194,Camacupa,-12.0167,17.4833,72.45,55,65,8.95,AO,2021-10-02 17:37:16
195,Katherine,-14.4667,132.2667,80.92,69,92,5.75,AU,2021-10-02 17:37:18
196,Northam,51.0333,-4.2167,55.38,91,96,15.23,GB,2021-10-02 17:37:20
197,Pozo Colorado,-23.4923,-58.7972,103.14,25,10,11.34,PY,2021-10-02 17:37:22
198,Ust-Maya,60.4167,134.5333,27.07,94,63,0.81,RU,2021-10-02 17:37:24
199,El Dorado,38.7666,-120.5177,81.12,19,0,5.68,US,2021-10-02 17:37:25
200,Hornostayivka,47.0078,33.729,58.33,52,100,13.87,UA,2021-10-02 17:37:29
201,Celestun,20.8667,-90.4,88.93,55,84,6.06,MX,2021-10-02 17:37:32
202,Ilebo,-4.3167,20.5833,72.73,91,68,1.63,CD,2021-10-02 17:37:35
203,Negombo,7.2083,79.8358,78.85,83,20,2.3,LK,2021-10-02 17:37:38
204,Myrtle Beach,33.6891,-78.8867,85.17,58,1,9.22,US,2021-10-02 17:37:00
205,Ponta Do Sol,32.6667,-17.1,76.71,78,0,3.0,PT,2021-10-02 17:37:42
206,Waingapu,-9.6567,120.2641,78.1,80,99,7.27,ID,2021-10-02 17:37:45
207,Saint-Martin-De-Crau,43.6395,4.8127,72.18,73,20,17.27,FR,2021-10-02 17:37:47
208,Hasaki,35.7333,140.8333,68.4,74,70,8.23,JP,2021-10-02 17:37:53
209,Takoradi,4.8845,-1.7554,78.66,85,51,8.79,GH,2021-10-02 17:37:55
210,Los Llanos De Aridane,28.6585,-17.9182,73.15,78,75,13.8,ES,2021-10-02 17:37:58
211,Moshi,-3.35,37.3333,79.18,61,50,9.15,TZ,2021-10-02 17:38:00
212,Avera,33.194,-82.5271,84.94,46,12,4.76,US,2021-10-02 17:38:02
213,Prince Rupert,54.3161,-130.3201,51.49,81,90,11.5,CA,2021-10-02 17:38:05
214,Sobolevo,54.4299,31.8996,45.09,81,56,6.69,RU,2021-10-02 17:38:07
215,Nome,64.5011,-165.4064,30.16,86,40,12.66,US,2021-10-02 17:38:11
216,Fort Nelson,58.8053,-122.7002,49.59,53,75,11.5,CA,2021-10-02 17:33:49
217,Nazarovo,56.0064,90.3914,36.84,83,98,9.01,RU,2021-10-02 17:38:19
218,Atambua,-9.1061,124.8925,73.94,85,100,2.21,ID,2021-10-02 17:38:20
219,Westport,41.1415,-73.3579,75.74,61,1,1.99,US,2021-10-02 17:38:22
220,Pachino,36.7186,15.0907,73.44,68,82,7.34,IT,2021-10-02 17:38:24
221,Banda Aceh,5.5577,95.3222,78.71,85,97,2.98,ID,2021-10-02 17:38:26
222,Henties Bay,-22.116,14.2845,58.86,88,1,11.56,NA,2021-10-02 17:38:28
223,Kruisfontein,-34.0033,24.7314,48.88,63,99,21.14,ZA,2021-10-02 17:38:29
224,Manta,-0.95,-80.7333,78.04,70,89,11.48,EC,2021-10-02 17:37:11
225,Puerto Carreno,6.189,-67.4859,91.42,52,40,2.93,CO,2021-10-02 17:38:33
226,Gasa,31.5,34.4667,76.98,64,4,5.88,PS,2021-10-02 17:35:58
227,Lata,40.1629,-8.3327,68.92,86,100,6.8,PT,2021-10-02 17:38:37
228,Kirakira,-10.4544,161.9205,77.97,84,88,0.65,SB,2021-10-02 17:38:39
229,Mount Isa,-20.7333,139.5,64.17,24,0,4.61,AU,2021-10-02 17:38:45
230,Drahovo,48.2357,23.5491,53.22,72,3,4.29,UA,2021-10-02 17:38:48
231,Cedar City,37.6775,-113.0619,65.39,29,1,0.0,US,2021-10-02 17:38:50
232,Watertown,42.3709,-71.1828,74.7,59,75,5.99,US,2021-10-02 17:38:54
233,Yumen,40.2833,97.2,46.85,35,45,16.67,CN,2021-10-02 17:38:55
234,Ahipara,-35.1667,173.1667,53.64,91,70,8.41,NZ,2021-10-02 17:38:59
235,Porto Walter,-8.2686,-72.7439,94.86,37,30,5.59,BR,2021-10-02 17:39:00
236,Naziya,59.8,31.3833,47.77,87,77,5.73,RU,2021-10-02 17:39:03
237,Waddan,29.1614,16.139,81.19,36,18,8.14,LY,2021-10-02 17:39:05
238,Mana,5.6592,-53.7767,83.35,76,66,8.86,GF,2021-10-02 17:39:07
239,Kangaatsiaq,68.3065,-53.4641,33.04,79,76,9.91,GL,2021-10-02 17:39:09
240,Byron Bay,-28.65,153.6167,57.7,68,20,7.92,AU,2021-10-02 17:39:10
241,Kwakoa,-3.7667,37.7167,72.46,62,46,8.95,TZ,2021-10-02 17:39:12
242,Mount Darwin,-16.7725,31.5838,74.39,37,8,2.77,ZW,2021-10-02 17:39:14
243,Zhuhai,22.2769,113.5678,86.11,74,20,10.36,CN,2021-10-02 17:39:17
244,Trincomalee,8.5711,81.2335,79.99,82,21,4.65,LK,2021-10-02 17:39:19
245,Katsuura,35.1333,140.3,70.2,80,1,6.51,JP,2021-10-02 17:39:22
246,Salsomaggiore Terme,44.8148,9.9796,70.12,71,39,2.15,IT,2021-10-02 17:39:24
247,Gresham,45.4982,-122.4315,64.81,82,20,1.01,US,2021-10-02 17:39:26
248,Kathu,7.9178,98.3332,84.69,95,100,4.94,TH,2021-10-02 17:39:28
249,Salihorsk,52.7876,27.5415,46.83,75,89,9.01,BY,2021-10-02 17:39:30
250,Fort Morgan,40.2503,-103.8,70.45,26,1,8.05,US,2021-10-02 17:39:32
251,Faanui,-16.4833,-151.75,79.32,68,22,17.54,PF,2021-10-02 17:39:33
252,Nemuro,43.3236,145.575,57.76,82,76,20.47,JP,2021-10-02 17:39:35
253,Eldorado,-23.7869,-54.2836,72.09,84,95,10.47,BR,2021-10-02 17:39:37
254,Huilong,31.8111,121.655,72.99,78,0,19.22,CN,2021-10-02 17:39:39
255,La Sarre,48.8002,-79.1996,53.71,87,100,7.09,CA,2021-10-02 17:39:42
256,Thunder Bay,48.4001,-89.3168,63.99,98,90,9.22,CA,2021-10-02 17:39:44
257,Hutang,31.5333,119.4833,77.13,91,9,9.04,CN,2021-10-02 17:39:46
258,Puta,40.2967,49.6603,60.82,51,96,8.25,AZ,2021-10-02 17:39:53
259,Matay,28.419,30.7792,79.93,39,0,13.42,EG,2021-10-02 17:39:58
260,Alghero,40.5589,8.3181,71.69,83,20,3.44,IT,2021-10-02 17:40:00
261,Muros,42.7762,-9.0603,67.98,91,100,26.22,ES,2021-10-02 17:40:03
262,Mayo,38.8876,-76.5119,80.08,65,40,3.0,US,2021-10-02 17:40:05
263,Plouzane,48.3833,-4.6167,57.52,94,90,9.22,FR,2021-10-02 17:40:07
264,Zyryanka,65.75,150.85,24.64,84,100,5.91,RU,2021-10-02 17:40:10
265,Moerai,-22.4333,-151.3333,75.15,79,88,11.5,PF,2021-10-02 17:40:12
266,Praia Da Vitoria,38.7333,-27.0667,77.25,78,40,16.84,PT,2021-10-02 17:40:14
267,San Policarpo,12.1791,125.5072,80.04,82,99,0.72,PH,2021-10-02 17:40:15
268,Aklavik,68.2191,-135.0107,36.43,100,90,8.05,CA,2021-10-02 17:40:17
269,Rudnaya Pristan,44.3614,135.8116,45.9,80,0,6.89,RU,2021-10-02 17:40:19
270,Tuatapere,-46.1333,167.6833,48.81,87,100,2.46,NZ,2021-10-02 17:40:20
271,Da Nang,16.0678,108.2208,82.38,83,40,2.3,VN,2021-10-02 17:40:22
272,Tibati,6.4667,12.6333,70.39,87,77,2.51,CM,2021-10-02 17:40:25
273,Oxbow,49.2333,-102.1676,68.65,41,17,9.15,CA,2021-10-02 17:40:27
274,Lebu,-37.6167,-73.65,51.44,49,54,15.68,CL,2021-10-02 17:40:28
275,Melito Di Porto Salvo,37.9222,15.7714,71.78,83,90,3.44,IT,2021-10-02 17:40:30
276,Mozarlandia,-14.7447,-50.5706,101.89,23,21,8.86,BR,2021-10-02 17:40:33
277,Tukrah,32.5341,20.5791,71.4,65,1,16.89,LY,2021-10-02 17:40:35
278,Haines Junction,60.7522,-137.5108,35.55,100,100,1.14,CA,2021-10-02 17:40:40
279,Ambilobe,-13.2,49.05,72.32,64,40,5.88,MG,2021-10-02 17:40:44
280,Khatanga,71.9667,102.5,20.25,98,90,2.44,RU,2021-10-02 17:40:46
281,Nakonde,-9.3421,32.745,73.54,36,93,3.89,ZM,2021-10-02 17:40:48
282,Vrbno Pod Pradedem,50.1209,17.3832,54.95,57,37,9.4,CZ,2021-10-02 17:40:50
283,Zyryanskoye,56.8306,86.6258,34.43,90,100,8.05,RU,2021-10-02 17:41:34
284,Pacific Grove,36.6177,-121.9166,87.8,72,1,3.44,US,2021-10-02 17:41:36
285,Lavrentiya,65.5833,-171.0,22.46,82,31,10.22,RU,2021-10-02 17:41:38
286,Portland,45.5234,-122.6762,63.45,79,75,1.01,US,2021-10-02 17:40:23
287,La Rochelle,46.1667,-1.15,64.47,88,90,20.71,FR,2021-10-02 17:40:28
288,Oriximina,-1.7656,-55.8661,87.48,63,78,2.71,BR,2021-10-02 17:41:43
289,Alofi,-19.0595,-169.9187,73.29,94,100,14.97,NU,2021-10-02 17:41:45
290,Qaqortoq,60.7167,-46.0333,46.9,49,3,5.95,GL,2021-10-02 17:41:47
291,Madimba,-10.4,40.3333,76.32,78,20,11.5,TZ,2021-10-02 17:41:50
292,Tocopilla,-22.092,-70.1979,66.42,64,10,10.04,CL,2021-10-02 17:41:52
293,Winnemucca,40.973,-117.7357,65.1,18,1,3.44,US,2021-10-02 17:41:54
294,Fereydun Kenar,36.6864,52.5225,68.92,65,97,4.41,IR,2021-10-02 17:41:56
295,Ibra,22.6906,58.5334,78.31,59,100,8.55,OM,2021-10-02 17:42:00
296,Abu Samrah,35.3029,37.1841,76.64,49,0,11.36,SY,2021-10-02 17:42:01
297,Paamiut,61.994,-49.6678,42.22,67,8,16.84,GL,2021-10-02 17:42:04
298,Puerto Rondon,6.2805,-71.1,88.32,59,94,4.92,CO,2021-10-02 17:42:05
299,Cockburn Town,21.4612,-71.1419,82.36,69,75,11.5,TC,2021-10-02 17:41:35
300,Ozernovskiy,51.5,156.5167,49.62,86,100,11.3,RU,2021-10-02 17:42:10
301,Bousso,10.4795,16.7117,82.08,52,100,4.56,TD,2021-10-02 17:42:13
302,Ilulissat,69.2167,-51.1,33.82,75,20,1.14,GL,2021-10-02 17:42:17
303,Am Timan,11.0297,20.2827,78.71,76,88,5.44,TD,2021-10-02 17:42:19
304,Cap Malheureux,-19.9842,57.6142,73.89,71,2,10.0,MU,2021-10-02 17:42:21
305,Kloulklubed,7.0419,134.2556,81.1,78,99,13.8,PW,2021-10-02 17:42:25
306,Roald,62.5833,6.1333,55.0,82,0,4.61,NO,2021-10-02 17:42:29
307,Kudat,6.8837,116.8477,78.73,89,20,9.22,MY,2021-10-02 17:42:30
308,Camana,-16.6228,-72.7111,67.24,71,87,11.74,PE,2021-10-02 17:42:33
309,San Jose,37.3394,-121.895,86.56,39,1,0.0,US,2021-10-02 17:42:35
310,Sembakung,3.8167,117.25,72.52,99,95,1.79,ID,2021-10-02 17:42:39
311,Hovd,48.0056,91.6419,35.35,32,26,4.18,MN,2021-10-02 17:42:40
312,Bam,29.106,58.357,81.07,16,35,7.92,IR,2021-10-02 17:42:42
313,Balingasay,16.3573,119.8564,81.72,75,75,11.5,PH,2021-10-02 17:42:45
314,Fukagawa,43.7081,142.0392,50.22,88,38,4.38,JP,2021-10-02 17:42:50
315,Orocue,4.7912,-71.3354,88.84,58,68,8.01,CO,2021-10-02 17:42:54
316,Aden,12.7794,45.0367,88.83,62,82,3.47,YE,2021-10-02 17:42:57
317,Podporozhye,60.9112,34.1706,44.85,91,100,3.85,RU,2021-10-02 17:42:58
318,Palmetto,27.5214,-82.5723,91.98,48,20,8.99,US,2021-10-02 17:43:00
319,Palmer,42.1584,-72.3287,74.28,55,75,1.99,US,2021-10-02 17:43:02
320,Ouesso,1.6136,16.0517,74.01,92,100,3.62,CG,2021-10-02 17:43:04
321,Bajil,15.0584,43.2851,88.27,63,98,4.45,YE,2021-10-02 17:43:06
322,Didao,45.3667,130.8,41.29,67,40,3.31,CN,2021-10-02 17:43:10
323,Banfora,10.6333,-4.7667,81.73,70,60,3.67,BF,2021-10-02 17:43:20
324,Cherskiy,68.75,161.3,24.06,96,99,7.76,RU,2021-10-02 17:43:23
325,Tallahassee,30.4383,-84.2807,88.0,64,75,1.01,US,2021-10-02 17:43:08
326,Quatre Cocos,-20.2078,57.7625,73.51,78,12,13.62,MU,2021-10-02 17:43:26
327,Kingman,35.1894,-114.053,79.12,12,1,8.99,US,2021-10-02 17:41:44
328,Namibe,-15.1961,12.1522,62.04,82,2,6.64,AO,2021-10-02 17:43:30
329,Axim,4.8699,-2.2405,78.64,84,71,7.27,GH,2021-10-02 17:43:32
330,Naze,28.3667,129.4833,77.2,67,3,12.55,JP,2021-10-02 17:43:35
331,Leningradskiy,69.3833,178.4167,12.92,74,35,12.68,RU,2021-10-02 17:43:37
332,Goundam,16.4145,-3.6708,101.48,10,35,9.15,ML,2021-10-02 17:43:39
333,Bubaque,11.2833,-15.8333,82.83,72,83,5.68,GW,2021-10-02 17:43:41
334,Pangnirtung,66.1451,-65.7125,33.8,86,20,6.91,CA,2021-10-02 17:43:44
335,Tautira,-17.7333,-149.15,80.62,73,32,18.34,PF,2021-10-02 17:43:45
336,Isiro,2.7739,27.616,67.21,100,100,1.57,CD,2021-10-02 17:43:50
337,Deputatskiy,69.3,139.9,13.19,90,86,5.53,RU,2021-10-02 17:43:52
338,Olinda,-8.0089,-34.8553,82.13,74,40,11.5,BR,2021-10-02 17:43:55
339,Beloha,-25.1667,45.05,73.31,66,26,4.63,MG,2021-10-02 17:43:59
340,Grand Bank,47.0999,-55.765,64.4,69,0,12.68,CA,2021-10-02 17:44:01
341,Kapuskasing,49.4169,-82.4331,53.69,94,90,3.44,CA,2021-10-02 17:44:05
342,Manicore,-5.8092,-61.3003,92.32,44,92,4.34,BR,2021-10-02 17:44:09
343,Goderich,43.7501,-81.7165,77.04,68,98,12.66,CA,2021-10-02 17:42:31
344,Varhaug,58.6147,5.6457,53.15,77,95,24.52,NO,2021-10-02 17:44:14
345,Suntar,62.1444,117.6319,27.82,69,60,1.28,RU,2021-10-02 17:44:16
346,Yarim,14.298,44.3779,63.36,57,98,6.6,YE,2021-10-02 17:44:17
347,Brae,60.3964,-1.353,51.78,82,60,23.82,GB,2021-10-02 17:44:20
348,Libertador General San Martin,-23.8064,-64.7876,85.98,31,45,7.02,AR,2021-10-02 17:44:22
349,Yar-Sale,66.8333,70.8333,31.05,82,97,10.98,RU,2021-10-02 17:44:25
350,Saquarema,-22.92,-42.5103,84.34,79,90,5.95,BR,2021-10-02 17:41:03
351,Abonnema,4.7084,6.7931,79.0,84,91,6.76,NG,2021-10-02 17:44:28
352,Verkhnevilyuysk,63.4453,120.3167,26.73,82,31,2.26,RU,2021-10-02 17:44:31
353,Luanda,-8.8368,13.2343,72.9,76,7,12.44,AO,2021-10-02 17:42:34
354,Balkanabat,39.5108,54.3671,65.57,30,0,5.44,TM,2021-10-02 17:44:37
355,Great Yarmouth,52.6083,1.7305,58.44,95,100,30.62,GB,2021-10-02 17:44:39
356,Vyatskiye Polyany,56.226,51.0656,45.28,87,100,3.47,RU,2021-10-02 17:44:41
357,Ardakan,32.31,54.0175,79.18,23,0,7.27,IR,2021-10-02 17:44:43
358,Yazman,29.1212,71.7446,93.67,38,59,14.41,PK,2021-10-02 17:44:45
359,Shenjiamen,29.9576,122.298,75.42,75,0,15.19,CN,2021-10-02 17:44:48
360,Llandrindod Wells,52.2416,-3.3787,54.3,95,100,10.18,GB,2021-10-02 17:44:50
361,Rio Gallegos,-51.6226,-69.2181,51.85,35,75,23.02,AR,2021-10-02 17:44:52
362,Arman,59.7,150.1667,36.73,93,48,8.52,RU,2021-10-02 17:44:54
363,Afua,-0.1567,-50.3867,89.33,54,39,7.76,BR,2021-10-02 17:44:56
364,Souillac,-20.5167,57.5167,73.78,73,40,17.27,MU,2021-10-02 17:44:57
365,Khasan,42.4308,130.6434,57.9,74,1,1.21,RU,2021-10-02 17:44:59
366,Dingle,10.9995,122.6711,76.64,90,99,2.53,PH,2021-10-02 17:45:01
367,Hobyo,5.3505,48.5268,79.16,83,2,22.53,SO,2021-10-02 17:45:05
368,Broken Hill,-31.95,141.4333,62.31,45,40,8.05,AU,2021-10-02 17:45:07
369,Lakes Entrance,-37.8811,147.981,55.58,96,93,6.17,AU,2021-10-02 17:45:09
370,Acarau,-2.8856,-40.12,85.64,60,63,21.03,BR,2021-10-02 17:45:10
371,Sitka,57.0531,-135.33,49.89,62,90,23.02,US,2021-10-02 17:45:12
372,Nouadhibou,20.931,-17.0347,73.38,78,36,18.41,MR,2021-10-02 17:45:13
373,Port Lincoln,-34.7333,135.8667,57.18,85,100,21.47,AU,2021-10-02 17:45:15
374,Dongying,37.4564,118.4856,71.56,80,48,6.24,CN,2021-10-02 17:45:17
375,Baoshan,46.5586,131.4244,41.54,62,13,6.44,CN,2021-10-02 17:45:20
376,Charters Towers,-20.1,146.2667,66.7,72,1,6.02,AU,2021-10-02 17:45:22
377,Cantaura,9.3057,-64.3584,89.76,45,43,10.56,VE,2021-10-02 17:45:25
378,Ranong,9.9658,98.6348,78.3,86,96,1.99,TH,2021-10-02 17:45:30
379,Magway,20.15,94.9167,76.51,95,93,6.73,MM,2021-10-02 17:45:33
380,Macduff,57.6701,-2.4969,52.32,90,96,23.22,GB,2021-10-02 17:45:35
381,Mgandu,-5.95,34.1333,74.7,28,90,7.31,TZ,2021-10-02 17:45:39
382,Gravdal,68.1214,13.5031,50.45,86,100,0.54,NO,2021-10-02 17:45:41
383,Heidelberg,-26.5048,28.3592,64.54,46,18,5.99,ZA,2021-10-02 17:45:43
384,Maragogi,-9.0122,-35.2225,79.68,77,21,9.8,BR,2021-10-02 17:45:45
385,Arenzano,44.4052,8.6832,73.13,68,0,1.14,IT,2021-10-02 17:45:47
386,Sabaudia,41.3003,13.0282,72.75,72,100,12.55,IT,2021-10-02 17:45:53
387,Altamira,-3.2033,-52.2064,89.69,62,75,4.61,BR,2021-10-02 17:45:55
388,San Patricio,28.017,-97.5169,85.84,56,84,5.82,US,2021-10-02 17:46:05
389,Trelew,-43.249,-65.3051,53.44,34,100,32.99,AR,2021-10-02 17:46:08
390,Quetta,30.199,67.0097,72.41,18,60,4.18,PK,2021-10-02 17:45:20
391,Biak,-0.9131,122.8766,75.34,87,86,2.73,ID,2021-10-02 17:46:12
392,Zelenoborskiy,66.845,32.3622,47.68,87,99,8.52,RU,2021-10-02 17:46:14
393,Skibbereen,51.55,-9.2667,51.6,70,73,15.43,IE,2021-10-02 17:46:17
394,Ternate,0.8,127.4,80.08,77,92,0.11,ID,2021-10-02 17:46:19
395,Pinerolo,44.8833,7.35,67.06,81,97,1.99,IT,2021-10-02 17:46:22
396,Tolaga Bay,-38.3667,178.3,48.36,87,54,4.43,NZ,2021-10-02 17:46:26
397,Gondanglegi,-7.7479,112.0132,74.98,81,90,12.86,ID,2021-10-02 17:46:29
398,Snezhnogorsk,69.1933,33.2531,47.98,81,100,15.61,RU,2021-10-02 17:46:34
399,Rumonge,-3.9736,29.4386,78.89,62,97,3.15,BI,2021-10-02 17:46:12
400,Comodoro Rivadavia,-45.8667,-67.5,51.66,30,0,14.97,AR,2021-10-02 17:46:58
401,Portobelo,9.55,-79.65,86.72,76,63,7.31,PA,2021-10-02 17:46:59
402,Vidim,56.4088,103.1106,34.3,75,100,1.16,RU,2021-10-02 17:47:01
403,Lima,-12.0432,-77.0282,66.38,95,90,8.05,PE,2021-10-02 17:42:41
404,Zhezkazgan,47.8043,67.7144,42.78,53,63,4.23,KZ,2021-10-02 17:47:05
405,Waconia,44.8508,-93.7869,70.72,90,92,3.0,US,2021-10-02 17:47:11
406,Lithakia,37.7167,20.8333,70.59,56,0,0.0,GR,2021-10-02 17:47:13
407,Maniitsoq,65.4167,-52.9,39.85,76,75,9.6,GL,2021-10-02 17:47:15
408,Yerbogachen,61.2767,108.0108,25.9,90,46,1.77,RU,2021-10-02 17:47:16
409,Fortuna,40.5982,-124.1573,54.52,100,20,5.75,US,2021-10-02 17:47:18
410,Rapar,23.5667,70.6333,85.03,67,16,8.28,IN,2021-10-02 17:47:20
411,Sarangani,5.4033,125.4636,82.2,75,100,3.15,PH,2021-10-02 17:47:21
412,Malabo,3.75,8.7833,80.46,89,40,8.05,GQ,2021-10-02 17:47:23
413,Maumere,-8.6199,122.2111,79.18,82,95,8.68,ID,2021-10-02 17:47:25
414,Cangucu,-31.395,-52.6756,69.24,52,42,5.68,BR,2021-10-02 17:47:27
415,Sabanagrande,10.7912,-74.7606,91.49,58,40,9.22,CO,2021-10-02 17:47:29
416,Kisangani,0.5167,25.2,69.78,98,100,0.6,CD,2021-10-02 17:47:30
417,Lubango,-14.9172,13.4925,63.27,36,1,5.99,AO,2021-10-02 17:47:32
418,Kitimat,54.0524,-128.6534,46.9,38,100,4.14,CA,2021-10-02 17:47:34
419,Meulaboh,4.1363,96.1285,76.19,86,99,3.0,ID,2021-10-02 17:47:35
420,San Quintin,30.4833,-115.95,80.17,41,99,4.36,MX,2021-10-02 17:47:39
421,Aldan,58.6031,125.3894,20.05,96,99,4.45,RU,2021-10-02 17:47:40
422,Marion,39.7684,-86.1555,70.21,94,90,8.05,US,2021-10-02 17:47:44
423,Tchibanga,-2.85,11.0333,74.98,80,100,5.68,GA,2021-10-02 17:47:50
424,Hervey Bay,-25.2986,152.8535,68.02,90,55,5.84,AU,2021-10-02 17:47:54
425,Peekskill,41.2901,-73.9204,75.74,62,92,8.99,US,2021-10-02 17:47:56
426,Ketchikan,55.3422,-131.6461,48.18,81,75,5.75,US,2021-10-02 17:47:58
427,Airai,-8.9266,125.4092,59.9,92,97,0.65,TL,2021-10-02 17:48:00
428,Zhanaozen,43.3,52.8,56.62,27,100,10.83,KZ,2021-10-02 17:48:01
429,Savannah Bight,16.45,-85.85,91.45,73,21,12.88,HN,2021-10-02 17:48:05
430,Siilinjarvi,63.0833,27.6667,46.42,93,0,5.75,FI,2021-10-02 17:48:07
431,Vostok,46.4856,135.8833,33.33,90,12,4.54,RU,2021-10-02 17:48:09
432,San Jose De Ocoa,18.55,-70.5,84.56,64,100,2.91,DO,2021-10-02 17:48:10
433,Katangli,51.7102,143.2326,41.36,73,7,9.13,RU,2021-10-02 17:48:12
434,Port-Cartier,50.0334,-66.8654,45.75,94,100,5.1,CA,2021-10-02 17:48:15
435,Mahibadhoo,3.7833,72.9667,82.04,78,82,14.85,MV,2021-10-02 17:48:16
436,Umea,63.8284,20.2597,49.93,87,40,12.66,SE,2021-10-02 17:48:19
437,Sujiatun,41.6592,123.3392,63.21,72,75,6.71,CN,2021-10-02 17:48:20
438,Ginda,30.6945,78.4932,60.85,93,35,2.28,IN,2021-10-02 17:48:24
439,Kavaratti,10.5669,72.642,81.88,81,100,16.58,IN,2021-10-02 17:48:25
440,Eureka,40.8021,-124.1637,54.79,66,81,5.46,US,2021-10-02 17:47:21
441,Agadez,19.75,10.25,85.24,16,0,8.88,NE,2021-10-02 17:48:30
442,Sijunjung,-0.6876,100.9537,73.08,97,99,1.19,ID,2021-10-02 17:48:32
443,Hoquiam,46.9809,-123.8893,57.99,65,1,5.75,US,2021-10-02 17:48:34
444,Sioux Lookout,50.1001,-91.917,59.38,94,90,6.91,CA,2021-10-02 17:48:36
445,Alekseyevsk,57.8406,108.3492,30.7,85,99,2.3,RU,2021-10-02 17:48:39
446,Enterprise,36.0252,-115.2419,80.85,19,20,0.0,US,2021-10-02 17:48:41
447,Camacha,33.0833,-16.3333,71.02,64,75,10.36,PT,2021-10-02 17:48:43
448,Berlevag,70.8578,29.0864,49.37,86,92,26.8,NO,2021-10-02 17:48:46
449,Norman Wells,65.282,-126.8329,41.04,75,75,8.05,CA,2021-10-02 17:48:50
450,Bolotnoye,55.6717,84.3981,30.54,94,99,9.89,RU,2021-10-02 17:48:55
451,Newberg,45.3001,-122.9732,62.55,78,1,1.01,US,2021-10-02 17:48:41
452,Chapais,49.7834,-74.8492,53.38,48,16,4.76,CA,2021-10-02 17:48:59
453,Nyrob,60.733,56.7202,31.42,89,70,3.49,RU,2021-10-02 17:49:01
454,Angoram,-4.0625,144.0661,73.45,98,82,0.89,PG,2021-10-02 17:49:03
455,Lasa,46.6166,10.7002,62.51,88,81,5.44,IT,2021-10-02 17:49:04
456,Apt,43.8833,5.4,68.45,71,86,5.57,FR,2021-10-02 17:45:01
457,Balaipungut,1.05,101.2833,77.41,91,96,0.51,ID,2021-10-02 17:49:08
458,Manggar,-2.8833,108.2667,78.22,84,96,4.16,ID,2021-10-02 17:49:10
459,Waitara,-38.925,174.25,48.99,87,100,7.07,NZ,2021-10-02 17:49:12
460,Arroio Grande,-32.2375,-53.0869,69.67,53,3,5.75,BR,2021-10-02 17:49:13
461,Ringebu,61.5167,10.1667,48.02,91,100,9.69,NO,2021-10-02 17:49:15
462,Richards Bay,-28.783,32.0377,66.42,88,100,9.17,ZA,2021-10-02 17:49:20
463,Farafangana,-22.8167,47.8333,72.57,83,1,17.11,MG,2021-10-02 17:49:22
464,Ishigaki,24.3448,124.1572,81.48,69,13,13.31,JP,2021-10-02 17:49:25
465,Gat,31.61,34.7642,75.88,71,9,5.14,IL,2021-10-02 17:49:29
466,Encruzilhada,-15.5314,-40.9094,94.71,19,3,10.27,BR,2021-10-02 17:49:31
467,Tevaitoa,-16.7833,-151.5,79.21,69,14,18.12,PF,2021-10-02 17:49:34
468,Ganzhou,28.8184,115.4327,75.97,68,0,2.06,CN,2021-10-02 17:49:36
469,Pagudpud,18.5616,120.7868,79.48,85,95,11.99,PH,2021-10-02 17:49:38
470,Aswan,24.0934,32.907,84.9,23,1,12.48,EG,2021-10-02 17:49:40
471,Salinopolis,-0.6136,-47.3561,85.28,61,68,13.62,BR,2021-10-02 17:49:42
472,Toguchin,55.2353,84.3858,30.45,90,97,8.55,RU,2021-10-02 17:49:45
473,Beringovskiy,63.05,179.3167,30.49,93,99,10.2,RU,2021-10-02 17:49:47
474,Stornoway,58.2093,-6.3865,49.96,81,40,9.22,GB,2021-10-02 17:49:49
475,Necochea,-38.5473,-58.7368,53.04,90,100,12.26,AR,2021-10-02 17:49:51
476,Wani,20.0667,78.95,78.76,84,100,3.4,IN,2021-10-02 17:49:53
477,Discovery Bay,37.9085,-121.6002,83.98,30,1,4.61,US,2021-10-02 17:49:55
478,Walvis Bay,-22.9575,14.5053,63.55,63,2,16.11,NA,2021-10-02 17:49:57
479,Catamarca,-28.4696,-65.7852,91.49,31,0,5.99,AR,2021-10-02 17:50:00
480,Ambon,-3.6954,128.1814,78.94,89,40,5.75,ID,2021-10-02 17:50:03
481,Leshukonskoye,64.8989,45.7622,38.64,92,92,3.36,RU,2021-10-02 17:50:05
482,Xichang,27.8964,102.2634,63.18,83,3,2.59,CN,2021-10-02 17:50:08
483,Da Lat,11.9465,108.4419,59.61,98,33,2.1,VN,2021-10-02 17:50:09
484,Puerto Madryn,-42.7692,-65.0385,52.02,44,98,32.82,AR,2021-10-02 17:49:02
485,Trabzon,40.9167,39.8333,59.09,82,75,4.61,TR,2021-10-02 17:50:14
486,Hambantota,6.1241,81.1185,79.52,84,12,12.86,LK,2021-10-02 17:50:15
487,Makarov,48.6333,142.8,45.95,80,25,10.45,RU,2021-10-02 17:50:16
488,Yilan,24.757,121.753,83.82,99,79,4.41,TW,2021-10-02 17:50:18
489,Liverpool,53.4106,-2.9779,54.68,88,100,1.99,GB,2021-10-02 17:50:20
490,Tortoli,39.9256,9.6572,73.98,68,20,2.3,IT,2021-10-02 17:50:22
491,Amurzet,47.6967,131.0981,39.85,62,24,1.74,RU,2021-10-02 17:50:25
492,Lompoc,34.6391,-120.4579,88.09,82,1,3.44,US,2021-10-02 17:50:28
493,Fayaoue,-20.65,166.5333,74.48,86,99,16.46,NC,2021-10-02 17:50:30
494,Fairbanks,64.8378,-147.7164,32.59,94,90,6.91,US,2021-10-02 17:50:14
495,Sambava,-14.2667,50.1667,72.1,83,10,10.65,MG,2021-10-02 17:50:34
496,Yarada,17.65,83.2667,82.72,89,20,2.3,IN,2021-10-02 17:50:38
497,Grand-Santi,4.25,-54.3833,87.57,57,65,2.01,GF,2021-10-02 17:50:39
498,Cayenne,4.9333,-52.3333,91.44,73,20,5.01,GF,2021-10-02 17:50:41
499,Orange Cove,36.6244,-119.3137,81.79,31,1,0.0,US,2021-10-02 17:50:43
500,Bonthe,7.5264,-12.505,78.22,86,95,6.42,SL,2021-10-02 17:50:45
501,Safaga,26.7292,33.9365,82.83,42,0,11.7,EG,2021-10-02 17:50:49
502,Makakilo City,21.3469,-158.0858,75.52,81,75,5.75,US,2021-10-02 17:50:50
503,Bagotville,-28.9833,153.4167,58.64,74,32,8.41,AU,2021-10-02 17:50:52
504,Havre,49.5833,0.3333,63.0,88,90,20.71,FR,2021-10-02 17:50:54
505,Codrington,-38.2667,141.9667,47.08,95,28,8.1,AU,2021-10-02 17:51:12
506,Buala,-8.145,159.5921,79.32,82,98,2.82,SB,2021-10-02 17:51:14
507,Ryotsu,38.0833,138.4333,64.85,79,7,1.83,JP,2021-10-02 17:51:18
508,Aberystwyth,52.4155,-4.0829,53.78,91,100,9.46,GB,2021-10-02 17:51:20
509,Urgut,39.4022,67.2431,46.02,41,0,0.85,UZ,2021-10-02 17:51:22
510,Lazarev,52.225,141.5131,46.65,51,20,10.38,RU,2021-10-02 17:51:25
511,Adet,11.2644,37.4888,57.65,88,100,4.61,ET,2021-10-02 17:51:29
512,Ulladulla,-35.35,150.4667,53.1,93,12,3.67,AU,2021-10-02 17:51:30
513,Veinticinco De Mayo,-35.4323,-60.1727,64.98,54,100,5.99,AR,2021-10-02 17:51:35
514,Atar,20.5169,-13.0499,103.5,9,39,9.06,MR,2021-10-02 17:51:39
515,Ponta Delgada,37.7333,-25.6667,78.49,83,75,16.11,PT,2021-10-02 17:51:40
516,Shahreza,32.0339,51.8794,65.95,30,0,5.64,IR,2021-10-02 17:51:42
517,Guangyuan,32.442,105.823,72.59,96,99,1.3,CN,2021-10-02 17:51:44
518,Awbari,26.5921,12.7805,80.73,30,10,8.55,LY,2021-10-02 17:51:46
519,Coihaique,-45.5752,-72.0662,46.35,53,75,3.44,CL,2021-10-02 17:51:48
520,Hamilton,39.1834,-84.5333,79.95,75,90,9.22,US,2021-10-02 17:47:52
521,Jishou,28.3167,109.7167,76.8,75,13,1.5,CN,2021-10-02 17:52:06
522,Shingu,33.7333,135.9833,65.37,77,0,5.77,JP,2021-10-02 17:52:10
523,Sisimiut,66.9395,-53.6735,38.3,77,57,6.67,GL,2021-10-02 17:52:13
524,Humaita,-7.5061,-63.0208,90.73,47,48,3.62,BR,2021-10-02 17:52:15
525,San Antonio,29.4241,-98.4936,86.47,67,40,0.0,US,2021-10-02 17:47:39
526,Saint-Leu,-21.15,55.2833,72.43,73,17,5.08,RE,2021-10-02 17:52:19
527,Baruun-Urt,46.6806,113.2792,37.38,81,17,16.93,MN,2021-10-02 17:52:21
528,Golden,39.7555,-105.2211,68.7,48,20,4.0,US,2021-10-02 17:48:13
529,Nikki,9.9401,3.2108,82.15,67,38,1.39,BJ,2021-10-02 17:52:24
530,Syasstroy,60.1367,32.5691,46.22,86,99,6.87,RU,2021-10-02 17:52:28
531,Charlestown,-32.95,151.6667,61.83,82,3,4.0,AU,2021-10-02 17:52:29
532,Djambala,-2.5447,14.7533,71.04,81,80,0.67,CG,2021-10-02 17:52:32
533,Rawson,-43.3002,-65.1023,50.65,49,100,34.76,AR,2021-10-02 17:48:31
534,Seryshevo,51.0933,128.3786,34.86,75,3,1.21,RU,2021-10-02 17:52:34
535,Severodvinsk,64.5635,39.8302,44.71,86,100,6.08,RU,2021-10-02 17:52:36
536,Ciudad Valles,21.9833,-99.0167,82.0,70,99,1.07,MX,2021-10-02 17:52:37
537,Mangrol,21.1167,70.1167,80.85,84,41,6.64,IN,2021-10-02 17:52:39
538,Kalakamati,-20.5929,27.3121,74.39,43,95,11.3,BW,2021-10-02 17:52:40
539,Sartana,47.1744,37.6927,54.86,25,32,13.0,UA,2021-10-02 17:52:43
540,Urdoma,61.7533,48.5442,43.52,92,100,2.59,RU,2021-10-02 17:52:45
541,Kaitong,44.8135,123.15,57.94,70,100,21.68,CN,2021-10-02 17:52:49
542,Hernani,43.2662,-1.9762,79.92,51,0,1.99,ES,2021-10-02 17:52:51
543,Basco,20.4487,121.9702,83.03,69,53,21.25,PH,2021-10-02 17:52:53
544,Mitsamiouli,-11.3847,43.2844,79.09,65,20,4.61,KM,2021-10-02 17:52:55
545,Nordhausen,51.5167,10.8,62.8,80,95,7.07,DE,2021-10-02 17:52:58
546,Nybro,56.7446,15.9071,53.24,87,99,5.75,SE,2021-10-02 17:52:59
547,Mehamn,71.0357,27.8492,50.29,85,96,18.57,NO,2021-10-02 17:53:01
548,Berlin,52.5244,13.4105,64.36,76,0,5.99,DE,2021-10-02 17:49:53
549,Kaduy,59.2,37.15,44.64,89,95,4.14,RU,2021-10-02 17:53:07
550,Ocos,14.5094,-92.1933,90.73,73,88,6.91,GT,2021-10-02 17:53:09
551,Vodnyy,63.5046,53.4095,32.36,86,90,3.44,RU,2021-10-02 17:53:10
552,Irece,-11.3042,-41.8558,93.99,16,0,10.92,BR,2021-10-02 17:53:13
553,Mandalgovi,45.7625,106.2708,31.33,76,100,20.56,MN,2021-10-02 17:53:14
554,Heishan,41.6892,122.1128,64.06,95,87,20.83,CN,2021-10-02 17:53:16
555,Port-Gentil,-0.7193,8.7815,80.56,78,40,11.5,GA,2021-10-02 17:53:17
556,Aksarka,66.5606,67.7975,31.73,82,84,11.23,RU,2021-10-02 17:53:19
557,Christchurch,-43.5333,172.6333,48.0,89,100,1.14,NZ,2021-10-02 17:52:46
558,Boyolangu,-8.1181,111.8935,75.15,83,98,6.4,ID,2021-10-02 17:53:22
559,Nadym,65.5333,72.5167,31.33,83,100,14.63,RU,2021-10-02 17:53:24
560,Chapleau,47.8405,-83.4034,59.09,100,90,5.75,CA,2021-10-02 17:53:26
561,Harrison,30.4091,-89.0436,84.34,82,1,11.5,US,2021-10-02 17:53:28
562,Nhulunbuy,-12.2333,136.7667,75.81,88,100,5.75,AU,2021-10-02 17:53:29
563,Paragominas,-2.9667,-47.4833,85.33,60,99,0.94,BR,2021-10-02 17:53:31
564,Altay,47.8667,88.1167,33.1,72,59,1.92,CN,2021-10-02 17:53:33
565,Madona,56.8533,26.217,48.65,71,62,9.1,LV,2021-10-02 17:53:35
566,West Wendover,40.7391,-114.0733,60.01,25,1,4.61,US,2021-10-02 17:53:36
567,Port Hedland,-20.3167,118.5667,64.45,88,3,5.75,AU,2021-10-02 17:53:38
568,Kenai,60.5544,-151.2583,41.14,78,1,0.0,US,2021-10-02 17:53:40
569,Galle,6.0367,80.217,78.49,88,18,7.96,LK,2021-10-02 17:53:42
570,Asau,46.4333,26.4,51.76,67,7,1.14,RO,2021-10-02 17:53:44
571,Matagami,49.7502,-77.6328,55.51,67,75,4.61,CA,2021-10-02 17:53:46
572,Tazmalt,36.3868,4.3989,76.8,51,75,5.12,DZ,2021-10-02 17:53:48
